<?xml version="1.0" encoding="UTF-8"?>
<metadata xml:lang="en"><Esri><CreaDate>20211228</CreaDate><CreaTime>16115400</CreaTime><ArcGISFormat>1.0</ArcGISFormat><SyncOnce>TRUE</SyncOnce><DataProperties><lineage><Process ToolSource="c:\program files (x86)\arcgis\desktop10.8\ArcToolbox\Toolboxes\Conversion Tools.tbx\RasterToPolygon" Date="20211228" Time="161154">RasterToPolygon C:\Users\HP\OneDrive\Documents\ArcGIS\Default.gdb\Extract_MLCl2 "D:\AWGis data\L7\Classification\RasterT_Extract2010.shp" SIMPLIFY Value SINGLE_OUTER_PART #</Process></lineage></DataProperties></Esri></metadata>
